{
    "clearIcon": {
        "Basic": 1,
        "Parallel": 0
    },
    "score": {
        "Basic": 99.53358459472656,
        "Expert": 97.74725341796875,
        "Parallel": 99.45730590820313
    }
}