{
    "clearIcon": {
        "Basic": 2,
        "Expert": 1,
        "Parallel": 2
    },
    "score": {
        "Basic": 100.0,
        "Expert": 99.94505310058594,
        "Master": 99.38494873046875,
        "Parallel": 100.0
    }
}