{
    "postProcesses": [
        {
            "type": "Vignette",
            "vignetteStrength": 0.3499999940395355
        },
        {
            "scanLineStrength": 0.008999999612569809,
            "stripeFrequency": 0.42800000309944153,
            "type": "ScanLine"
        },
        {
            "blockSize_": 33.900001525878906,
            "colorOffset_": 6.010000228881836,
            "intensity_": 0.07000000029802322,
            "lineSpeed_": 4.460000038146973,
            "noiseStrength_": 0.2800000011920929,
            "type": "Glitch"
        }
    ]
}