{
    "postProcesses": [
        {
            "blurRadius": 12,
            "focusDepth": 0.00010001000191550702,
            "focusDistance": 0.10000000149011612,
            "focusRange": 1.0,
            "resolutionRate": 1.0,
            "type": "DoF"
        },
        {
            "scanLineStrength": 0.01600000075995922,
            "stripeFrequency": 0.6430000066757202,
            "type": "ScanLine"
        },
        {
            "type": "Vignette",
            "vignetteStrength": 0.1599999964237213
        },
        {
            "gap": 1,
            "type": "RGBShift"
        }
    ]
}