{
    "followOffset": {
        "x": 0.0,
        "y": 0.0,
        "z": -2.490000009536743
    },
    "followSensitivity": 0.20000000298023224,
    "BreakTime": 0.029999999329447746,
    "weight": 4.800000190734863,
    "throwTime": 0.6399999856948853
}