{
    "followOffset": {
        "x": 0.0,
        "y": 0.9599999785423279,
        "z": -2.490000009536743
    },
    "followSensitivity": 0.3199999928474426,
    "BreakTime": 0.029999999329447746,
    "weight": 4.800000190734863,
    "throwTime": 0.6399999856948853,
    "BreakTimeFactor": 1.899999976158142
}