{
    "followOffset": {
        "x": 0.0,
        "y": 0.0,
        "z": -2.490000009536743
    },
    "followSensitivity": 0.3199999928474426,
    "BreakTime": 11.0,
    "weight": 4.800000190734863,
    "throwTime": 0.6399999856948853,
    "BreakTimeFactor": 3.0
}