{
    "cameraPos": {
        "x": -1.7799999713897705,
        "y": 7.239999771118164,
        "z": -23.030000686645508
    },
    "cameraRotate": {
        "x": 0.1599999964237213,
        "y": 0.20000000298023224,
        "z": 0.0
    },
    "playerRotate": {
        "x": 0.0,
        "y": 0.7300000190734863,
        "z": 0.0
    }
}