{
    "obstacles": [
        {
            "position": {
                "x": -1.7000000476837158,
                "y": 5.099999904632568,
                "z": 5.0
            },
            "type": 0
        },
        {
            "position": {
                "x": 1.5954616069793701,
                "y": 3.33058762550354,
                "z": 11.151237487792969
            },
            "type": 1
        },
        {
            "position": {
                "x": 0.7685936689376831,
                "y": 3.694117307662964,
                "z": 19.51852798461914
            },
            "type": 2
        }
    ]
}