{
    "Size": {
        "x": 512.0,
        "y": 256.0
    },
    "Rotate": 0.0,
    "Translate": {
        "x": 948.52001953125,
        "y": 163.85000610351563
    },
    "AnchorPoint": {
        "x": 0.5,
        "y": 0.5
    },
    "Scale": {
        "x": 1.0,
        "y": 1.0
    },
    "Color": {
        "x": 1.0,
        "y": 1.0,
        "z": 1.0,
        "w": 1.0
    }
}