Index,Name,PosX,PosY,PosZ
0,enemy0,-20.265606,55.000000,142.735535
1,enemy1,-46.387871,50.000000,100.000000
