Index,Name,PosX,PosY,PosZ
0,enemy0,-2.476356,25.000000,-159.849503
