Index,Name,PosX,PosY,PosZ
0,enemy0,-2.635228,25.000000,-151.005646
