Index,Name,PosX,PosY,PosZ
0,enemy0,-20.000000,55.000000,157.396912
1,enemy1,-50.940933,50.000000,100.000000
