Index,Name,PosX,PosY,PosZ
0,enemy0,153.800186,25.000000,150.000000
1,enemy1,150.000000,25.000000,139.105606
