Index,Name,PosX,PosY,PosZ
0,enemy0,-148.475220,25.000000,-20.000000
1,enemy1,-118.703377,10.000000,-10.000000
