Index,Name,PosX,PosY,PosZ
0,enemy1,-45.653774,50.000000,100.000000
