Index,Name,PosX,PosY,PosZ
<<<<<<< HEAD
0,enemy0,-20.273550,55.000000,142.219177
1,enemy1,-49.914455,50.000000,100.000000
=======
0,enemy0,-20.134914,55.000000,151.230682
1,enemy1,-45.807007,50.000000,100.000000
>>>>>>> b8be2cf1bb62a1645ee7bbfdd1868e186cbaf768
