Index,Name,PosX,PosY,PosZ
0,enemy0,-147.695145,25.000000,-20.000000
1,enemy1,-124.055908,10.000000,-10.000000
