Index,Name,PosX,PosY,PosZ
0,enemy0,-2.587366,25.000000,-153.669983
