Index,Name,PosX,PosY,PosZ
0,enemy0,-20.273550,55.000000,142.219177
1,enemy1,-49.914455,50.000000,100.000000
