Index,Name,PosX,PosY,PosZ
0,enemy0,-20.265318,55.000000,142.754456
1,enemy1,-46.564964,50.000000,100.000000
