Index,Name,PosX,PosY,PosZ
0,enemy0,-2.438921,25.000000,-161.933411
