Index,Name,PosX,PosY,PosZ
0,enemy0,289.835022,49.960033,120.165001
1,enemy1,290.000000,50.000000,115.143585
