Index,Name,PosX,PosY,PosZ
<<<<<<< HEAD
=======
0,enemy0,155.000000,25.000000,136.384888
1,enemy1,150.279541,25.000000,150.000000
>>>>>>> b8be2cf1bb62a1645ee7bbfdd1868e186cbaf768
