Index,Name,PosX,PosY,PosZ
0,enemy0,-145.000000,25.000000,-20.000000
1,enemy1,-115.988388,10.000000,-2.413168
