Index,Name,PosX,PosY,PosZ
0,enemy0,-140.899994,25.000000,-42.049995
1,enemy1,-115.847565,10.000000,-9.724465
