Index,Name,PosX,PosY,PosZ
0,enemy0,-2.512845,25.000000,-157.818298
