Index,Name,PosX,PosY,PosZ
0,enemy0,-145.033646,25.000000,-20.000000
1,enemy1,-119.099037,10.000000,0.000000
