Index,Name,PosX,PosY,PosZ
0,enemy0,-2.509172,25.000000,-158.022751
