Index,Name,PosX,PosY,PosZ
0,enemy0,-2.476743,25.488464,-159.827927
