Index,Name,PosX,PosY,PosZ
0,enemy0,-20.000000,55.000000,154.047668
1,enemy1,-52.293518,50.000000,100.000000
