Index,Name,PosX,PosY,PosZ
0,enemy0,-145.828201,25.000000,-20.000000
1,enemy1,-120.735718,10.000000,-10.000000
