Index,Name,PosX,PosY,PosZ
0,enemy0,-146.792206,25.000000,-20.000000
1,enemy1,-122.242722,10.000000,0.000000
