Index,Name,PosX,PosY,PosZ
0,enemy0,-2.453073,25.000000,-161.145630
