Index,Name,PosX,PosY,PosZ
0,enemy0,319.084991,44.960373,165.126389
