Index,Name,PosX,PosY,PosZ
0,enemy0,299.982178,50.781151,120.165001
1,enemy1,290.000000,50.000000,115.315941
