Index,Name,PosX,PosY,PosZ
0,enemy1,400.000000,84.659996,-160.000000
1,enemy4,377.495209,85.000000,-235.000000
