Index,Name,PosX,PosY,PosZ
0,enemy0,-149.585388,25.000000,-20.000000
1,enemy1,-118.321274,10.000000,0.000000
