Index,Name,PosX,PosY,PosZ
0,enemy0,-20.251907,55.000000,143.625626
1,enemy1,-50.615822,50.000000,100.000000
