Index,Name,PosX,PosY,PosZ
0,enemy0,-20.270475,55.000000,142.418945
1,enemy1,-48.720306,50.000000,100.000000
