Index,Name,PosX,PosY,PosZ
0,enemy0,-2.476918,25.000000,-159.818207
