Index,Name,PosX,PosY,PosZ
0,enemy0,-1.099656,24.914125,-157.806076
