Index,Name,PosX,PosY,PosZ
0,enemy0,-20.241343,55.000000,144.312714
1,enemy1,-49.013443,50.000000,100.000000
