Index,Name,PosX,PosY,PosZ
0,enemy0,-147.434998,25.000000,-20.000000
1,enemy1,-125.000000,10.000000,-7.033555
