Index,Name,PosX,PosY,PosZ
0,enemy0,-146.397003,25.000000,-20.000000
1,enemy1,-123.744392,10.000000,-10.000000
