Index,Name,PosX,PosY,PosZ
0,enemy0,151.606003,25.000000,130.187241
1,enemy1,150.000000,25.000000,116.689552
