Index,Name,PosX,PosY,PosZ
0,enemy0,-20.000000,55.000000,159.061768
1,enemy1,-50.268581,50.000000,100.000000
