Index,Name,PosX,PosY,PosZ
0,enemy0,-20.064981,55.000000,155.776367
1,enemy1,-46.152927,50.000000,100.000000
