Index,Name,PosX,PosY,PosZ
0,enemy0,290.539978,49.923344,120.165009
1,enemy1,289.987457,50.005566,107.312469
