Index,Name,PosX,PosY,PosZ
0,enemy0,150.095657,25.000000,121.370605
1,enemy1,152.227020,25.000000,110.000000
