Index,Name,PosX,PosY,PosZ
<<<<<<< HEAD
0,enemy0,-2.476743,25.488464,-159.827927
=======
0,enemy0,-2.509172,25.000000,-158.022751
>>>>>>> b8be2cf1bb62a1645ee7bbfdd1868e186cbaf768
