Index,Name,PosX,PosY,PosZ
0,enemy0,-20.115034,55.000000,152.522690
1,enemy1,-47.830078,50.000000,100.000000
