Index,Name,PosX,PosY,PosZ
0,enemy0,150.118103,25.000000,121.501686
1,enemy1,152.094040,25.000000,110.000000
