Index,Name,PosX,PosY,PosZ
0,enemy1,400.000000,84.659996,-160.000000
<<<<<<< HEAD
1,enemy2,282.487457,90.000000,-200.000000
2,3,295.000000,90.000000,-229.560654
=======
1,enemy2,293.414246,90.000000,-200.000000
2,3,295.000000,90.000000,-263.747620
>>>>>>> f33766d9aacad26de4aa32ea050321774c410fc5
3,4,170.000000,85.000000,-160.000000
4,enemy4,377.495209,85.000000,-235.000000
