Index,Name,PosX,PosY,PosZ
0,enemy0,-148.217773,25.000000,-20.000000
1,enemy1,-120.307648,10.000000,0.000000
