Index,Name,PosX,PosY,PosZ
0,enemy0,-2.623455,25.000000,-151.660965
