Index,Name,PosX,PosY,PosZ
0,enemy0,-20.134914,55.000000,151.230682
1,enemy1,-45.807007,50.000000,100.000000
