Index,Name,PosX,PosY,PosZ
0,enemy0,-20.000000,55.000000,158.331131
1,enemy1,-50.563663,50.000000,100.000000
