Index,Name,PosX,PosY,PosZ
0,enemy0,-140.473190,24.998499,-42.331028
1,enemy1,-115.000000,10.000000,-0.172080
