Index,Name,PosX,PosY,PosZ
0,enemy0,154.255615,25.000000,110.000000
1,enemy1,151.116791,25.000000,150.000000
