Index,Name,PosX,PosY,PosZ
0,enemy0,-20.204231,55.000000,146.724731
1,enemy1,-48.703362,50.000000,100.000000
