Index,Name,PosX,PosY,PosZ
0,enemy0,-145.572983,25.000000,-20.000000
1,enemy1,-125.000000,10.000000,-3.485811
