Index,Name,PosX,PosY,PosZ
0,enemy0,-2.507315,25.000000,-158.126114
