Index,Name,PosX,PosY,PosZ
0,enemy0,-2.505278,25.000000,-158.239532
