Index,Name,PosX,PosY,PosZ
0,enemy0,-20.041468,55.000000,157.304474
1,enemy1,-50.602783,50.000000,100.000000
