Index,Name,PosX,PosY,PosZ
0,enemy0,290.566589,49.852402,120.165001
1,enemy1,290.000000,50.000000,111.026428
