Index,Name,PosX,PosY,PosZ
<<<<<<< HEAD
0,enemy0,299.982178,50.781151,120.165001
1,enemy1,290.000000,50.000000,115.315941
=======
0,enemy0,290.539978,49.923344,120.165009
1,enemy1,290.000000,50.000000,109.820267
>>>>>>> b8be2cf1bb62a1645ee7bbfdd1868e186cbaf768
