Index,Name,PosX,PosY,PosZ
<<<<<<< HEAD
0,enemy0,-145.505646,25.000000,-20.000000
1,enemy1,-119.804482,10.000000,-10.000000
=======
0,enemy0,-146.804901,25.000000,-20.000000
1,enemy1,-115.064476,10.000000,0.000000
>>>>>>> f33766d9aacad26de4aa32ea050321774c410fc5
