Index,Name,PosX,PosY,PosZ
0,enemy0,290.539978,49.923344,120.165009
1,enemy1,290.000000,50.000000,112.867470
