Index,Name,PosX,PosY,PosZ
0,enemy0,150.101364,25.000000,121.403961
1,enemy1,152.193192,25.000000,110.000000
