Index,Name,PosX,PosY,PosZ
0,enemy0,290.582214,49.923344,120.235359
1,enemy1,290.000000,50.000000,115.019440
