Index,Name,PosX,PosY,PosZ
0,enemy2,307.224304,85.000000,-200.000000
1,4,198.710007,84.909996,-160.564743
2,enemy3,377.515015,84.909996,-159.699997
3,enemy3,295.000000,85.000000,-236.334991
