Index,Name,PosX,PosY,PosZ
0,enemy0,-20.178625,55.000000,148.389481
1,enemy1,-47.804401,50.000000,100.000000
