Index,Name,PosX,PosY,PosZ
0,enemy0,-2.573469,25.000000,-154.443604
