Index,Name,PosX,PosY,PosZ
0,enemy0,-2.504496,25.000000,-158.283051
