Index,Name,PosX,PosY,PosZ
0,enemy0,-145.505646,25.000000,-20.000000
1,enemy1,-119.804482,10.000000,-10.000000
