Index,Name,PosX,PosY,PosZ
0,enemy0,150.000000,25.000000,147.697083
1,enemy1,155.000000,25.000000,112.302879
