Index,Name,PosX,PosY,PosZ
0,enemy0,-146.804901,25.000000,-20.000000
1,enemy1,-115.064476,10.000000,0.000000
