Index,Name,PosX,PosY,PosZ
0,enemy0,-2.419745,25.000000,-163.000870
