Index,Name,PosX,PosY,PosZ
0,enemy0,-2.655179,25.000000,-149.895050
