Index,Name,PosX,PosY,PosZ
0,enemy0,-2.492054,26.692579,-158.975677
