Index,Name,PosX,PosY,PosZ
0,enemy0,319.084991,44.962341,164.880127
