Index,Name,PosX,PosY,PosZ
0,enemy0,-149.411926,25.000000,-20.000000
1,enemy1,-121.222267,10.000000,-6.819539
