Index,Name,PosX,PosY,PosZ
0,enemy0,150.205124,25.000000,122.009560
1,enemy1,151.578766,25.000000,110.000000
