Index,Name,PosX,PosY,PosZ
0,enemy0,290.539978,49.923344,120.165009
<<<<<<< HEAD
1,enemy1,290.000000,50.000000,113.480141
=======
1,enemy1,290.000000,50.000000,103.517494
>>>>>>> f33766d9aacad26de4aa32ea050321774c410fc5
