Index,Name,PosX,PosY,PosZ
<<<<<<< HEAD
0,enemy0,-149.227798,25.000000,-20.000000
1,enemy1,-115.000000,10.000000,-7.865661
=======
0,enemy0,-149.411926,25.000000,-20.000000
1,enemy1,-121.222267,10.000000,-6.819539
>>>>>>> b8be2cf1bb62a1645ee7bbfdd1868e186cbaf768
