Index,Name,PosX,PosY,PosZ
0,enemy0,325.614868,43.982040,169.046814
