Index,Name,PosX,PosY,PosZ
0,enemy0,-20.237116,55.000000,144.587616
1,enemy1,-47.408516,50.000000,100.000000
