Index,Name,PosX,PosY,PosZ
0,enemy0,319.084991,44.960255,166.298523
