Index,Name,PosX,PosY,PosZ
0,enemy0,-145.643616,25.000000,-20.000000
1,enemy1,-115.125809,10.000000,-1.686965
