Index,Name,PosX,PosY,PosZ
0,enemy0,300.914978,49.960175,110.223442
1,enemy1,290.000000,50.000000,112.842865
