Index,Name,PosX,PosY,PosZ
0,enemy0,-2.534634,26.677691,-156.605377
