Index,Name,PosX,PosY,PosZ
0,enemy0,155.000000,25.000000,136.384888
1,enemy1,150.279541,25.000000,150.000000
