Index,Name,PosX,PosY,PosZ
0,enemy0,319.084991,44.960423,165.944275
