Index,Name,PosX,PosY,PosZ
0,enemy0,-2.412554,26.603281,-163.401154
