Index,Name,PosX,PosY,PosZ
0,enemy0,-2.551906,25.000000,-155.643875
