Index,Name,PosX,PosY,PosZ
0,enemy0,150.043350,25.000000,121.065186
1,enemy1,152.536896,25.000000,110.000000
