{
    "Rotate": {
        "x": 0.0,
        "y": 2.2799999713897705,
        "z": 0.0
    },
    "Translate": {
        "x": -1.7899999618530273,
        "y": -2.7300000190734863,
        "z": -0.3199999928474426
    }
}