{
    "artist": "чкощ╝а",
    "bpm": 150.0,
    "genre": 0,
    "offsetTime": 0.15000000596046448,
    "previewRange": {
        "max": 90.0,
        "min": 63.09000015258789
    },
    "songName": "BiTE!!!",
    "songVolume": 0.5
}