{
    "scoreBasePos": {
        "x": 1152.0,
        "y": 579.0
    },
    "scoreBaseScale": {
        "x": 1.7999999523162842,
        "y": 1.100000023841858
    },
    "scoreGageBack": {
        "scale": {
            "x": 1.0,
            "y": 1.0
        },
        "translate": {
            "x": 828.0,
            "y": 527.0
        }
    },
    "scoreOffset": {
        "x": -40.0,
        "y": 0.0
    },
    "shotGage": {
        "scale": {
            "x": 0.8999999761581421,
            "y": 1.100000023841858
        },
        "translate": {
            "x": 44.0,
            "y": 699.0
        }
    }
}