{
    "clearIcon": {
        "Basic": 1,
        "Expert": 2,
        "Parallel": 2
    },
    "score": {
        "Basic": 99.32432556152344,
        "Expert": 100.0,
        "Master": 99.46581268310547,
        "Parallel": 99.94131469726563
    }
}