{
    "emitters": [
        {
            "CullingMode": 0,
            "baseDirection": [
                0.0,
                1.0,
                0.0
            ],
            "blendMode": 4,
            "center": [
                4.949999809265137,
                5.599999904632568,
                0.0
            ],
            "colors": [
                [
                    0.0,
                    1.0,
                    0.11764693260192871,
                    1.0
                ],
                [
                    1.0,
                    0.0,
                    0.0,
                    1.0
                ],
                [
                    0.0,
                    1.0,
                    1.0,
                    1.0
                ]
            ],
            "directionRange": 0.20000000298023224,
            "emitRange": [
                0.0,
                0.0,
                0.0
            ],
            "emitType": 1,
            "gravity": -9.800000190734863,
            "interval": 0.10999999940395355,
            "isActive": true,
            "isBillboard": false,
            "isUseGravity": true,
            "isUseRotate": true,
            "kMaxEmitCount": 1,
            "lifeTimeRange": [
                10.0,
                16.399999618530273
            ],
            "numEmitEvery": 1,
            "particleType": 0,
            "radiusRange": [
                1.100000023841858,
                7.329999923706055
            ],
            "rotateSpeedRange": [
                2.2699999809265137,
                10.699999809265137
            ],
            "speedRange": [
                9.960000038146973,
                20.579999923706055
            ],
            "textureHandles": [
                "ParticleTextures/particle.png"
            ]
        },
        {
            "CullingMode": 2,
            "baseDirection": [
                0.0,
                1.0,
                0.0
            ],
            "blendMode": 4,
            "center": [
                0.0,
                0.0,
                0.0
            ],
            "colors": [
                [
                    1.0,
                    1.0,
                    1.0,
                    1.0
                ]
            ],
            "directionRange": 1.0,
            "emitRange": [
                10.0,
                10.0,
                10.0
            ],
            "emitType": 1,
            "gravity": -9.800000190734863,
            "interval": 0.10000000149011612,
            "isActive": true,
            "isBillboard": true,
            "isUseGravity": false,
            "isUseRotate": false,
            "kMaxEmitCount": 1,
            "lifeTimeRange": [
                1.0,
                3.0
            ],
            "numEmitEvery": 1,
            "particleType": 0,
            "radiusRange": [
                0.5,
                3.0
            ],
            "rotateSpeedRange": [
                0.0,
                1.0
            ],
            "speedRange": [
                0.10000000149011612,
                1.0
            ],
            "textureHandles": [
                "ParticleTextures/particle.png"
            ]
        }
    ]
}