{
    "emitters": [
        {
            "CullingMode": 2,
            "baseDirection": [
                0.0,
                1.0,
                0.0
            ],
            "blendMode": 0,
            "center": [
                0.0,
                0.0,
                0.0
            ],
            "colors": [
                [
                    1.0,
                    1.0,
                    1.0,
                    1.0
                ]
            ],
            "directionRange": 0.05999999865889549,
            "emitRange": [
                0.0,
                0.0,
                0.0
            ],
            "emitType": 0,
            "gravity": -15.020000457763672,
            "interval": 0.009999999776482582,
            "isActive": true,
            "isBillboard": false,
            "isUseGravity": true,
            "isUseRotate": true,
            "kMaxEmitCount": 1,
            "lifeTimeRange": [
                1.0,
                3.0
            ],
            "numEmitEvery": 5,
            "particleType": 0,
            "radiusRange": [
                0.5,
                1.6200000047683716
            ],
            "rotateSpeedRange": [
                3.190000057220459,
                3.6500000953674316
            ],
            "speedRange": [
                9.359999656677246,
                14.819999694824219
            ],
            "textureHandles": [
                "ParticleTextures/blood.png"
            ]
        }
    ]
}