{
    "emitters": [
        {
            "CullingMode": 2,
            "baseDirection": [
                0.0,
                1.0,
                0.0
            ],
            "blendMode": 0,
            "center": [
                0.0,
                0.0,
                0.0
            ],
            "colors": [
                [
                    1.0,
                    1.0,
                    1.0,
                    1.0
                ]
            ],
            "directionRange": 0.09000000357627869,
            "emitRange": [
                0.0,
                0.0,
                0.0
            ],
            "emitType": 2,
            "gravity": -12.770000457763672,
            "interval": 0.029999999329447746,
            "isActive": false,
            "isBillboard": false,
            "isUseGravity": true,
            "isUseRotate": true,
            "kMaxEmitCount": 3,
            "lifeTimeRange": [
                1.0,
                3.0
            ],
            "numEmitEvery": 5,
            "particleType": 0,
            "radiusRange": [
                0.20999999344348907,
                1.559999942779541
            ],
            "rotateSpeedRange": [
                0.0,
                1.0
            ],
            "speedRange": [
                3.059999942779541,
                14.359999656677246
            ],
            "textureHandles": [
                "ParticleTextures/blood.png"
            ]
        }
    ]
}