{
    "emitters": [
        {
            "CullingMode": 0,
            "baseDirection": [
                0.0,
                -1.0,
                0.00024844042491167784
            ],
            "blendMode": 4,
            "center": [
                -0.8500000238418579,
                51.04999923706055,
                -173.35000610351563
            ],
            "colors": [
                [
                    1.0,
                    0.10294115543365479,
                    0.4987027645111084,
                    1.0
                ]
            ],
            "directionRange": 0.2800000011920929,
            "emitRange": [
                85.8499984741211,
                1.850000023841858,
                162.25
            ],
            "emitType": 1,
            "gravity": -9.800000190734863,
            "interval": 0.0,
            "isActive": true,
            "isBillboard": false,
            "isUseGravity": false,
            "isUseRotate": true,
            "kMaxEmitCount": 1,
            "lifeTimeRange": [
                5.699999809265137,
                17.149999618530273
            ],
            "numEmitEvery": 10,
            "particleType": 0,
            "radiusRange": [
                0.0,
                0.23000000417232513
            ],
            "rotateSpeedRange": [
                7.110000133514404,
                11.15999984741211
            ],
            "speedRange": [
                1.8600000143051147,
                15.319999694824219
            ],
            "textureHandles": [
                "ParticleTextures/cherry.png"
            ]
        }
    ]
}