{
    "emitters": [
        {
            "CullingMode": 2,
            "baseDirection": [
                0.0,
                1.0,
                0.0
            ],
            "blendMode": 0,
            "center": [
                0.0,
                0.0,
                0.0
            ],
            "colors": [
                [
                    1.0,
                    1.0,
                    1.0,
                    1.0
                ]
            ],
            "directionRange": 0.5199999809265137,
            "emitRange": [
                4.400000095367432,
                1.7000000476837158,
                5.0
            ],
            "emitType": 0,
            "gravity": -9.800000190734863,
            "interval": 0.10000000149011612,
            "isActive": false,
            "isBillboard": true,
            "isUseGravity": false,
            "isUseRotate": false,
            "kMaxEmitCount": 1,
            "lifeTimeRange": [
                1.0,
                1.5
            ],
            "numEmitEvery": 6,
            "particleType": 0,
            "radiusRange": [
                0.5,
                3.0
            ],
            "rotateSpeedRange": [
                0.0,
                1.0
            ],
            "speedRange": [
                2.559999942779541,
                5.71999979019165
            ],
            "textureHandles": [
                "ParticleTextures/dust.png"
            ]
        }
    ]
}