{
    "emitters": [
        {
            "baseDirection": [
                -1.0662291060725693e-05,
                1.0,
                -1.036439556401092e-08
            ],
            "blendMode": 4,
            "center": [
                -37.099998474121094,
                3.5,
                -1.0
            ],
            "colors": [
                [
                    1.0,
                    0.0,
                    0.35294151306152344,
                    1.0
                ],
                [
                    1.0,
                    0.23529410362243652,
                    0.9100348949432373,
                    1.0
                ],
                [
                    1.0,
                    0.890426754951477,
                    0.2549019455909729,
                    1.0
                ],
                [
                    0.4852941036224365,
                    0.8183391690254211,
                    1.0,
                    1.0
                ],
                [
                    1.0,
                    1.0,
                    1.0,
                    1.0
                ]
            ],
            "directionRange": 0.3100000023841858,
            "emitRange": [
                1.0,
                1.0,
                1.0
            ],
            "emitType": 1,
            "gravity": -9.800000190734863,
            "interval": 0.07999999821186066,
            "isActive": true,
            "isBillboard": false,
            "isUseGravity": false,
            "isUseRotate": true,
            "kMaxEmitCount": 1,
            "lifeTimeRange": [
                0.0,
                4.099999904632568
            ],
            "numEmitEvery": 1,
            "particleType": 0,
            "radiusRange": [
                0.5,
                2.0
            ],
            "rotateSpeedRange": [
                3.0199999809265137,
                12.569999694824219
            ],
            "speedRange": [
                0.10000000149011612,
                13.859999656677246
            ],
            "textureHandles": [
                "ParticleTextures/particle.png"
            ]
        }
    ]
}