{
    "emitters": [
        {
            "CullingMode": 3,
            "baseDirection": [
                0.0,
                1.0,
                0.0
            ],
            "blendMode": 3,
            "center": [
                0.0,
                -44.75,
                196.1999969482422
            ],
            "colors": [
                [
                    1.0,
                    0.517225444316864,
                    0.015444040298461914,
                    1.0
                ],
                [
                    0.9845559597015381,
                    0.3969574272632599,
                    0.015205522067844868,
                    1.0
                ],
                [
                    1.0,
                    0.0,
                    0.3474903106689453,
                    1.0
                ],
                [
                    1.0,
                    0.0,
                    0.37065649032592773,
                    1.0
                ]
            ],
            "directionRange": 0.20000000298023224,
            "emitModelFilePath": "DefaultAssets/cube/cube.obj",
            "emitRange": [
                170.1999969482422,
                11.850000381469727,
                42.5
            ],
            "emitType": 1,
            "emitterType": "Emitter_Model3D",
            "enterEaseType": 0,
            "exitEaseType": 0,
            "goalPosition": [
                0.0,
                0.0,
                0.0
            ],
            "gravity": -19.940000534057617,
            "inAlpha": 1.0,
            "inScale": {
                "x": 0.0,
                "y": 0.0,
                "z": 0.0
            },
            "interval": 0.019999999552965164,
            "isActive": true,
            "isBillboard": false,
            "isEndWithGoalPosition": false,
            "isRoteteRandomInit": true,
            "isSetGoalPosition": false,
            "isUseGravity": false,
            "isUseRotate": true,
            "kMaxEmitCount": 5,
            "lifeTimeRange": [
                1.7000000476837158,
                4.449999809265137
            ],
            "lightingType": 0,
            "maxTimePoint": 0.5,
            "maxTimeRate": 0.20000000298023224,
            "numEmitEvery": 1,
            "outAlpha": 1.0,
            "outScale": {
                "x": 0.0,
                "y": 0.0,
                "z": 0.0
            },
            "particleType": 0,
            "radiusRange": [
                0.5,
                1.5
            ],
            "rotateDirection": [
                0.0,
                1.0,
                0.0
            ],
            "rotateEaseType": 0,
            "rotateSpeedRange": [
                -10.0,
                10.0
            ],
            "scaleRange": [
                {
                    "x": 1.0,
                    "y": 1.0,
                    "z": 1.0
                },
                {
                    "x": 1.0,
                    "y": 1.0,
                    "z": 1.0
                }
            ],
            "speedRange": [
                11.140000343322754,
                23.1200008392334
            ],
            "textureHandles": [
                "ParticleTextures/white.png"
            ],
            "useDefaultTexture": false,
            "useRotateDirection": false,
            "velocityEaseType": 0
        }
    ]
}