{
    "emitters": [
        {
            "CullingMode": 3,
            "baseDirection": [
                0.0,
                1.0,
                0.0
            ],
            "blendMode": 4,
            "center": [
                0.0,
                0.0,
                0.0
            ],
            "colors": [
                [
                    1.0,
                    1.0,
                    1.0,
                    1.0
                ],
                [
                    1.0,
                    0.47876447439193726,
                    0.47876447439193726,
                    1.0
                ],
                [
                    0.7164771556854248,
                    1.0,
                    0.04633206129074097,
                    1.0
                ],
                [
                    0.3667953610420227,
                    0.9193214774131775,
                    1.0,
                    1.0
                ]
            ],
            "directionRange": 1.0,
            "emitModelFilePath": "Assets/Plane.obj",
            "emitRange": [
                0.0,
                0.0,
                0.0
            ],
            "emitType": 0,
            "emitterType": "Emitter_Model3D",
            "enterEaseType": 16,
            "exitEaseType": 0,
            "gravity": -9.800000190734863,
            "inAlpha": 0.0,
            "inScale": {
                "x": 0.0,
                "y": 0.0,
                "z": 0.0
            },
            "interval": 0.0,
            "isActive": false,
            "isBillboard": true,
            "isRoteteRandomInit": true,
            "isUseGravity": false,
            "isUseRotate": true,
            "kMaxEmitCount": 5,
            "lifeTimeRange": [
                1.0,
                1.0
            ],
            "lightingType": 0,
            "maxTimePoint": 0.23999999463558197,
            "maxTimeRate": 0.0,
            "numEmitEvery": 21,
            "outAlpha": 0.0,
            "outScale": {
                "x": 0.0,
                "y": 0.0,
                "z": 0.0
            },
            "particleType": 0,
            "radiusRange": [
                0.5,
                3.0
            ],
            "rotateDirection": [
                0.0,
                8.513197099091485e-05,
                1.0
            ],
            "rotateEaseType": 0,
            "rotateSpeedRange": [
                0.7599999904632568,
                1.4299999475479126
            ],
            "scaleRange": [
                {
                    "x": 0.5,
                    "y": 5.0,
                    "z": 1.0
                },
                {
                    "x": 0.5,
                    "y": 6.179999828338623,
                    "z": 1.0
                }
            ],
            "speedRange": [
                0.10000000149011612,
                1.0
            ],
            "textureHandles": [
                "ParticleTextures/particle.png"
            ],
            "useDefaultTexture": false,
            "useRotateDirection": true,
            "velocityEaseType": 0
        },
        {
            "CullingMode": 3,
            "baseDirection": [
                0.0,
                1.0,
                0.0
            ],
            "blendMode": 4,
            "center": [
                0.0,
                0.0,
                0.0
            ],
            "colors": [
                [
                    1.0,
                    1.0,
                    1.0,
                    1.0
                ]
            ],
            "directionRange": 0.0,
            "emitModelFilePath": "Assets/Plane.obj",
            "emitRange": [
                0.0,
                0.0,
                0.0
            ],
            "emitType": 0,
            "emitterType": "Emitter_Model3D",
            "enterEaseType": 0,
            "exitEaseType": 15,
            "gravity": -9.800000190734863,
            "inAlpha": 0.0,
            "inScale": {
                "x": 1.0,
                "y": 1.0,
                "z": 1.0
            },
            "interval": 0.0,
            "isActive": false,
            "isBillboard": true,
            "isRoteteRandomInit": false,
            "isUseGravity": false,
            "isUseRotate": true,
            "kMaxEmitCount": 5,
            "lifeTimeRange": [
                1.0,
                1.0
            ],
            "lightingType": 0,
            "maxTimePoint": 0.0,
            "maxTimeRate": 0.0,
            "numEmitEvery": 1,
            "outAlpha": 0.0,
            "outScale": {
                "x": 5.0,
                "y": 5.0,
                "z": 1.0
            },
            "particleType": 0,
            "radiusRange": [
                1.0,
                1.0
            ],
            "rotateDirection": [
                0.0,
                0.0017808760749176145,
                0.9999984502792358
            ],
            "rotateEaseType": 16,
            "rotateSpeedRange": [
                3.0,
                3.0
            ],
            "scaleRange": [
                {
                    "x": 1.0,
                    "y": 1.0,
                    "z": 1.0
                },
                {
                    "x": 1.0,
                    "y": 1.0,
                    "z": 1.0
                }
            ],
            "speedRange": [
                0.0,
                0.0
            ],
            "textureHandles": [
                "ParticleTextures/bubble.png"
            ],
            "useDefaultTexture": false,
            "useRotateDirection": true,
            "velocityEaseType": 12
        },
        {
            "CullingMode": 3,
            "baseDirection": [
                0.0,
                1.0,
                0.0
            ],
            "blendMode": 4,
            "center": [
                0.0,
                0.0,
                0.0
            ],
            "colors": [
                [
                    0.06902104616165161,
                    1.0,
                    0.061776041984558105,
                    1.0
                ],
                [
                    1.0,
                    0.09266406297683716,
                    0.5761097073554993,
                    1.0
                ],
                [
                    1.0,
                    0.9968694448471069,
                    0.18918919563293457,
                    1.0
                ],
                [
                    0.13127410411834717,
                    0.8088131546974182,
                    1.0,
                    1.0
                ]
            ],
            "directionRange": 0.019999999552965164,
            "emitModelFilePath": "Assets/cube.obj",
            "emitRange": [
                2.6500000953674316,
                0.0,
                0.0
            ],
            "emitType": 0,
            "emitterType": "Emitter_Model3D",
            "enterEaseType": 0,
            "exitEaseType": 16,
            "gravity": -9.800000190734863,
            "inAlpha": 0.44999998807907104,
            "inScale": {
                "x": 0.0,
                "y": 0.0,
                "z": 0.0
            },
            "interval": 0.0,
            "isActive": false,
            "isBillboard": true,
            "isRoteteRandomInit": true,
            "isUseGravity": true,
            "isUseRotate": true,
            "kMaxEmitCount": 5,
            "lifeTimeRange": [
                1.0,
                1.0
            ],
            "lightingType": 0,
            "maxTimePoint": 0.0,
            "maxTimeRate": 0.0,
            "numEmitEvery": 20,
            "outAlpha": 1.0,
            "outScale": {
                "x": 0.0,
                "y": 0.0,
                "z": 0.0
            },
            "particleType": 0,
            "radiusRange": [
                0.5,
                3.0
            ],