{
    "emitters": [
        {
            "CullingMode": 0,
            "baseDirection": [
                0.0,
                0.13849908113479614,
                -0.9903625845909119
            ],
            "blendMode": 4,
            "center": [
                0.0,
                0.0,
                0.0
            ],
            "colors": [
                [
                    1.0,
                    1.0,
                    0.0,
                    1.0
                ],
                [
                    0.7303921580314636,
                    0.06086599826812744,
                    0.06086599826812744,
                    1.0
                ],
                [
                    0.02217894233763218,
                    0.3480392098426819,
                    0.2138613909482956,
                    1.0
                ]
            ],
            "directionRange": 0.09000000357627869,
            "emitRange": [
                3.0,
                5.0,
                3.0
            ],
            "emitType": 1,
            "gravity": -9.800000190734863,
            "interval": 0.03999999910593033,
            "isActive": true,
            "isBillboard": false,
            "isUseGravity": false,
            "isUseRotate": true,
            "kMaxEmitCount": 1,
            "lifeTimeRange": [
                1.0,
                3.0
            ],
            "numEmitEvery": 5,
            "particleType": 0,
            "radiusRange": [
                0.0,
                0.27000001072883606
            ],
            "rotateSpeedRange": [
                0.0,
                1.6299999952316284
            ],
            "speedRange": [
                1.059999942779541,
                2.4600000381469727
            ],
            "textureHandles": [
                "ParticleTextures/particle.png",
                "ParticleTextures/cherry.png"
            ]
        },
        {
            "CullingMode": 2,
            "baseDirection": [
                0.0,
                0.2285146266222,
                -0.9735404253005981
            ],
            "blendMode": 4,
            "center": [
                0.0,
                0.0,
                0.0
            ],
            "colors": [
                [
                    1.0,
                    1.0,
                    1.0,
                    1.0
                ],
                [
                    0.4325259327888489,
                    1.0,
                    0.3970588445663452,
                    1.0
                ],
                [
                    0.2696078419685364,
                    0.978518009185791,
                    1.0,
                    1.0
                ]
            ],
            "directionRange": 0.20000000298023224,
            "emitRange": [
                2.0,
                4.199999809265137,
                2.0
            ],
            "emitType": 1,
            "gravity": -9.800000190734863,
            "interval": 0.10000000149011612,
            "isActive": true,
            "isBillboard": true,
            "isUseGravity": false,
            "isUseRotate": false,
            "kMaxEmitCount": 1,
            "lifeTimeRange": [
                1.0,
                3.0
            ],
            "numEmitEvery": 2,
            "particleType": 0,
            "radiusRange": [
                0.27000001072883606,
                0.550000011920929
            ],
            "rotateSpeedRange": [
                0.0,
                1.0
            ],
            "speedRange": [
                0.10000000149011612,
                7.340000152587891
            ],
            "textureHandles": [
                "ParticleTextures/particle.png"
            ]
        }
    ]
}