{
    "emitters": [
        {
            "CullingMode": 2,
            "baseDirection": [
                0.0,
                -1.0,
                0.00024844042491167784
            ],
            "blendMode": 4,
            "center": [
                0.0,
                50.25,
                0.0
            ],
            "colors": [
                [
                    1.0,
                    1.0,
                    1.0,
                    1.0
                ]
            ],
            "directionRange": 0.2800000011920929,
            "emitRange": [
                200.0,
                1.850000023841858,
                200.0
            ],
            "emitType": 1,
            "gravity": -9.800000190734863,
            "interval": 0.0,
            "isActive": true,
            "isBillboard": true,
            "isUseGravity": false,
            "isUseRotate": false,
            "kMaxEmitCount": 1,
            "lifeTimeRange": [
                5.699999809265137,
                17.149999618530273
            ],
            "numEmitEvery": 5,
            "particleType": 0,
            "radiusRange": [
                0.30000001192092896,
                0.6700000166893005
            ],
            "rotateSpeedRange": [
                0.0,
                1.0
            ],
            "speedRange": [
                1.8600000143051147,
                15.319999694824219
            ],
            "textureHandles": [
                "ParticleTextures/particle.png"
            ]
        }
    ]
}