{
    "emitters": [
        {
            "CullingMode": 2,
            "baseDirection": [
                0.0,
                0.0,
                -1.0
            ],
            "blendMode": 4,
            "center": [
                0.0,
                0.0,
                0.0
            ],
            "colors": [
                [
                    0.24625146389007568,
                    0.8235294222831726,
                    0.2632301449775696,
                    1.0
                ],
                [
                    0.15319053828716278,
                    0.3970588445663452,
                    0.1206747516989708,
                    1.0
                ]
            ],
            "directionRange": 0.12999999523162842,
            "emitRange": [
                1.0,
                1.0,
                1.0
            ],
            "emitType": 2,
            "gravity": -2.5199999809265137,
            "interval": 0.029999999329447746,
            "isActive": true,
            "isBillboard": true,
            "isUseGravity": true,
            "isUseRotate": false,
            "kMaxEmitCount": 33,
            "lifeTimeRange": [
                0.4000000059604645,
                1.649999976158142
            ],
            "numEmitEvery": 3,
            "particleType": 0,
            "radiusRange": [
                0.3400000035762787,
                1.159999966621399
            ],
            "rotateSpeedRange": [
                0.0,
                1.0
            ],
            "speedRange": [
                0.0,
                0.0
            ],
            "textureHandles": [
                "ParticleTextures/particle.png"
            ]
        }
    ]
}