{
    "emitters": [
        {
            "CullingMode": 2,
            "baseDirection": [
                0.0,
                1.0,
                0.0
            ],
            "blendMode": 2,
            "center": [
                0.0,
                0.0,
                0.0
            ],
            "colors": [
                [
                    0.9264705777168274,
                    0.07266435772180557,
                    0.07266435772180557,
                    1.0
                ],
                [
                    0.06958861649036407,
                    0.8872548937797546,
                    0.7189116477966309,
                    1.0
                ],
                [
                    0.9111668467521667,
                    0.936274528503418,
                    0.0826125368475914,
                    1.0
                ]
            ],
            "directionRange": 1.0,
            "emitRange": [
                10.0,
                10.0,
                10.0
            ],
            "emitType": 1,
            "gravity": -9.800000190734863,
            "interval": 0.10000000149011612,
            "isActive": true,
            "isBillboard": true,
            "isUseGravity": true,
            "isUseRotate": false,
            "kMaxEmitCount": 1,
            "lifeTimeRange": [
                1.0,
                3.0
            ],
            "numEmitEvery": 1,
            "particleType": 0,
            "radiusRange": [
                0.5,
                3.0
            ],
            "rotateSpeedRange": [
                0.0,
                1.0
            ],
            "speedRange": [
                0.10000000149011612,
                1.0
            ],
            "textureHandles": [
                "ParticleTextures/star.png"
            ]
        }
    ]
}