{
    "emitters": [
        {
            "CullingMode": 2,
            "baseDirection": [
                0.0,
                1.0,
                0.0
            ],
            "blendMode": 2,
            "center": [
                0.0,
                0.0,
                0.0
            ],
            "colors": [
                [
                    1.0,
                    1.0,
                    1.0,
                    1.0
                ],
                [
                    0.7652105689048767,
                    0.9166666865348816,
                    0.058415018022060394,
                    1.0
                ]
            ],
            "directionRange": 0.25999999046325684,
            "emitRange": [
                3.0,
                0.0,
                3.0
            ],
            "emitType": 1,
            "gravity": -9.800000190734863,
            "interval": 0.03999999910593033,
            "isActive": true,
            "isBillboard": true,
            "isUseGravity": false,
            "isUseRotate": false,
            "kMaxEmitCount": 1,
            "lifeTimeRange": [
                1.0,
                3.0
            ],
            "numEmitEvery": 1,
            "particleType": 0,
            "radiusRange": [
                0.28999999165534973,
                1.659999966621399
            ],
            "rotateSpeedRange": [
                0.0,
                1.0
            ],
            "speedRange": [
                0.6399999856948853,
                4.21999979019165
            ],
            "textureHandles": [
                "ParticleTextures/particle.png"
            ]
        }
    ]
}