{
    "arrowAmplitude_": 8.0,
    "arrowAnimTimer_.duration": 1.5,
    "arrowEasing_": "None",
    "arrowSpacing_": 248.0,
    "arrowTranslateY_": 626.0,
    "backgroundColor_": {
        "w": 0.0313725508749485,
        "x": 0.9058823585510254,
        "y": 0.10980392247438431,
        "z": 0.9215686321258545
    },
    "centerTranslate_": {
        "x": 640.0,
        "y": 400.0
    },
    "difficultyStarBasePos": {
        "x": 645.0,
        "y": 637.0
    },
    "difficultyText": {
        "align": 1,
        "anchorPos": {
            "x": 0.5,
            "y": 0.5
        },
        "blendMode": 3,
        "color": {
            "w": 1.0,
            "x": 1.0,
            "y": 1.0,
            "z": 1.0
        },
        "fontName": "Resources/Fonts\\DefaultAssets\\Digital\\851Gkktt_005.ttf",
        "fontSize": 32.0,
        "glyphSpacing": 8.0,
        "isApplyViewMat": false,
        "layer": 0,
        "lineSpacing": 8.0,
        "outlineColor": {
            "w": 1.0,
            "x": 1.0,
            "y": 0.0,
            "z": 0.2316603660583496
        },
        "outlineSplitCount": 16,
        "outlineWidth": 2.0,
        "size": {
            "x": 347.0,
            "y": 64.0
        },
        "text": "カンタン",
        "textBoxVisible": false,
        "transform": {
            "rotate": 0.0,
            "scale": {
                "x": 1.0,
                "y": 1.0
            },
            "translate": {
                "x": 640.0,
                "y": 605.0
            }
        },
        "useOutline": true
    },
    "endZoomEasing_": "OutExpo",
    "endZoomTimer_.duration": 1.9199999570846558,
    "endZoomToScale_": 2.4000000953674316,
    "focusAnimDuration_": 0.800000011920929,
    "focusAnimEasing_": "OutExpo",
    "focusAnimFrom_": 0.9589999914169312,
    "focusAnimTo_": 1.059999942779541,
    "focusSize_": {
        "x": 448.0,
        "y": 252.0
    },
    "frameColor_": {
        "w": 0.46666666865348816,
        "x": 0.7607843279838562,
        "y": 0.11372549086809158,
        "z": 0.6078431606292725
    },
    "inputRepeatDelay_": 0.4000000059604645,
    "inputRepeatInterval_": 0.11999999731779099,
    "isSameFontStageIndex_": false,
    "leftArrow_": {
        "anchorPoint": {
            "x": 0.5,
            "y": 0.5
        },
        "blendMode": 4,
        "clipLT": {
            "x": 0.0,
            "y": 0.0
        },
        "clipSize": {
            "x": 0.0,
            "y": 0.0
        },
        "color": {
            "w": 1.0,
            "x": 0.6800204515457153,
            "y": 0.008373118005692959,
            "z": 0.7082979083061218
        },
        "drawLocation": 2,
        "flipX": false,
        "flipY": false,
        "isApplyViewMat": true,
        "isStaticDraw": false,
        "layer": 0,
        "size": {
            "x": 128.0,
            "y": 128.0
        },
        "texturePath": "Scene_Select/selectArrow.png",
        "transform": {
            "rotate": 3.1415927410125732,
            "scale": {
                "x": 0.6399999856948853,
                "y": 0.6399999856948853
            },
            "translate": {
                "x": 392.0,
                "y": 626.0
            }
        },
        "uvTransform": {
            "rotate": 0.0,
            "scale": {
                "x": 1.0,
                "y": 1.0
            },
            "translate": {
                "x": 0.0,
                "y": 0.0
            }
        }
    },
    "leftTranslate_": {
        "x": 160.0,
        "y": 500.0
    },
    "moveEasing_": "OutExpo",
    "moveTimer_.duration": 0.36000001430511475,
    "outSize_": {
        "x": 224.0,
        "y": 126.0
    },
    "reactRate_": 0.10000000149011612,
    "rightArrow_": {
        "anchorPoint": {
            "x": 0.5,
            "y": 0.5
        },
        "blendMode": 4,
        "clipLT": {
            "x": 0.0,
            "y": 0.0
        },
        "clipSize": {
            "x": 0.0,
            "y": 0.0
        },
        "color": {
            "w": 1.0,
            "x": 0.6800204515457153,
            "y": 0.008373118005692959,
            "z": 0.7082979083061218
        },
        "drawLocation": 2,
        "flipX": false,
        "flipY": false,
        "isApplyViewMat": true,
        "isStaticDraw": false,
        "layer": 0,
        "size": {
            "x": 128.0,
            "y": 128.0
        },
        "texturePath": "Scene_Select/selectArrow.png",
        "transform": {
            "rotate": 0.0,
            "scale": {
                "x": 0.6399999856948853,
                "y": 0.6399999856948853
            },
            "translate": {
                "x": 888.0,
                "y": 626.0
            }
        },
        "uvTransform": {
            "rotate": 0.0,
            "scale": {
                "x": 1.0,
                "y": 1.0
            },
            "translate": {
                "x": 0.0,
                "y": 0.0
            }
        }
    },
    "rightTranslate_": {
        "x": 1120.0,
        "y": 500.0
    },
    "stageAchievementUIOffsetY_": -250.0,
    "stageAchievementUISize_": 64.0,
    "stageDifficulties": [
        1,
        1,
        1,
        1,
        2,
        2,
        3,
        3,
        3,
        3,
        3,
        4,
        1,
        2,
        3,
        1,
        2,
        3,
        2,
        3,
        1,
        1,
        3,
        5,
        3,
        4,
        4,
        5,
        5,
        1
    ],
    "stageIndexBackColor_": {
        "w": 1.0,
        "x": 1.0,
        "y": 0.0,
        "z": 0.25482654571533203
    },
    "stageIndexBackOffsetY_": -190.0,
    "stageIndexBackSize_": 100.0,
    "stageIndexTextColor_": {
        "w": 1.0,
        "x": 0.8883213400840759,
        "y": 0.7172075510025024,
        "z": 0.915057897567749
    },
    "stageIndexTextOffsetY_": -238.0,
    "stageIndexTextSize_": 80.0,
    "stageNameTextColor_": {
        "w": 1.0,
        "x": 1.0,
        "y": 0.29343628883361816,
        "z": 0.4734877943992615
    },
    "stageNameTextSize_": 56.0,
    "stageNameTextTranslate_": {
        "x": 640.0,
        "y": 65.0
    },
    "stageNameText_.fontName": "Resources/Fonts\\Game\\JF-Dot-Shinonome14B.ttf",
    "stageNames": [
        "鏡の向こうはホログラム",
        "ホログラムと一緒に",
        "どっちを映しても",
        "真ん中じゃないみたい",
        "お山の大将　あんたが大将",
        "鏡に映るのは",
        "囚われの王冠姫",
        "上で待ってるよ",
        "屋根にのぼって",
        "階段職人",
        "映したいものは",
        "鏡をくぐると",
        "壁を無視出来たらなあ",
        "家庭訪問",
        "乗り継ぎハイウェイ",
        "王冠の盾となれ",
        "危険物には蓋をすべし",
        "急がば回れ",
        "あなたもワープ",
        "レーザー完封レッツラワープ",
        "ちょうちょさんだ",
        "消しすぎ注意報",
        "階段探して三千里",
        "模様をよく見比べて",
        "失って気付くやさしさ",
        "強固な守りと人質",
        "閉じ込めなんて御免",
        "鏡をくぐるとなんだっけ",
        "秘密の抜け道",
        "ありがとうマウンテン"
    ],
    "starDrawRangeX": 195.0,
    "starSprite": {
        "anchorPoint": {
            "x": 0.5,
            "y": 0.5
        },
        "blendMode": 3,
        "clipLT": {
            "x": 0.0,
            "y": 0.0
        },
        "clipSize": {
            "x": 0.0,
            "y": 0.0
        },
        "color": {
            "w": 2.2971673011779785,
            "x": 2.2971673011779785,
            "y": 1.3166420459747314,
            "z": 0.08506070077419281
        },
        "drawLocation": 2,
        "flipX": false,
        "flipY": false,
        "isApplyViewMat": false,
        "isStaticDraw": false,
        "layer": 0,
        "size": {
            "x": 50.0,
            "y": 50.0
        },
        "texturePath": "Resources/Textures\\UI\\star.png",
        "transform": {
            "rotate": 0.0,
            "scale": {
                "x": 1.025943398475647,
                "y": 1.025943398475647
            },
            "translate": {
                "x": 547.5,
                "y": 637.0
            }
        },
        "uvTransform": {
            "rotate": 0.0,