{
    "arrowAmplitude_": 8.0,
    "arrowAnimTimer_.duration": 1.5,
    "arrowEasing_": "None",
    "arrowSpacing_": 248.0,
    "arrowTranslateY_": 626.0,
    "backgroundColor_": {
        "w": 0.0313725508749485,
        "x": 0.9058823585510254,
        "y": 0.10980392247438431,
        "z": 0.9215686321258545
    },
    "centerTranslate_": {
        "x": 640.0,
        "y": 400.0
    },
    "difficultyStarBasePos": {
        "x": 645.0,
        "y": 616.0
    },
    "endZoomEasing_": "OutExpo",
    "endZoomTimer_.duration": 1.9199999570846558,
    "endZoomToScale_": 2.4000000953674316,
    "focusAnimDuration_": 0.800000011920929,
    "focusAnimEasing_": "OutExpo",
    "focusAnimFrom_": 0.9589999914169312,
    "focusAnimTo_": 1.059999942779541,
    "focusSize_": {
        "x": 448.0,
        "y": 252.0
    },
    "frameColor_": {
        "w": 0.46666666865348816,
        "x": 0.7607843279838562,
        "y": 0.11372549086809158,
        "z": 0.6078431606292725
    },
    "isSameFontStageIndex_": false,
    "leftArrow_": {
        "anchorPoint": {
            "x": 0.5,
            "y": 0.5
        },
        "blendMode": 4,
        "clipLT": {
            "x": 0.0,
            "y": 0.0
        },
        "clipSize": {
            "x": 0.0,
            "y": 0.0
        },
        "color": {
            "w": 1.0,
            "x": 0.6800204515457153,
            "y": 0.008373118005692959,
            "z": 0.7082979083061218
        },
        "drawLocation": 2,
        "flipX": false,
        "flipY": false,
        "isApplyViewMat": true,
        "isStaticDraw": false,
        "layer": 0,
        "size": {
            "x": 128.0,
            "y": 128.0
        },
        "texturePath": "Scene_Select/selectArrow.png",
        "transform": {
            "rotate": 3.1415927410125732,
            "scale": {
                "x": 0.6399999856948853,
                "y": 0.6399999856948853
            },
            "translate": {
                "x": 392.0,
                "y": 626.0
            }
        },
        "uvTransform": {
            "rotate": 0.0,
            "scale": {
                "x": 1.0,
                "y": 1.0
            },
            "translate": {
                "x": 0.0,
                "y": 0.0
            }
        }
    },
    "leftTranslate_": {
        "x": 160.0,
        "y": 500.0
    },
    "moveEasing_": "OutExpo",
    "moveTimer_.duration": 0.36000001430511475,
    "outSize_": {
        "x": 224.0,
        "y": 126.0
    },
    "reactRate_": 0.10000000149011612,
    "rightArrow_": {
        "anchorPoint": {
            "x": 0.5,
            "y": 0.5
        },
        "blendMode": 4,
        "clipLT": {
            "x": 0.0,
            "y": 0.0
        },
        "clipSize": {
            "x": 0.0,
            "y": 0.0
        },
        "color": {
            "w": 1.0,
            "x": 0.6800204515457153,
            "y": 0.008373118005692959,
            "z": 0.7082979083061218
        },
        "drawLocation": 2,
        "flipX": false,
        "flipY": false,
        "isApplyViewMat": true,
        "isStaticDraw": false,
        "layer": 0,
        "size": {
            "x": 128.0,
            "y": 128.0
        },
        "texturePath": "Scene_Select/selectArrow.png",
        "transform": {
            "rotate": 0.0,
            "scale": {
                "x": 0.6399999856948853,
                "y": 0.6399999856948853
            },
            "translate": {
                "x": 888.0,
                "y": 626.0
            }
        },
        "uvTransform": {
            "rotate": 0.0,
            "scale": {
                "x": 1.0,
                "y": 1.0
            },
            "translate": {
                "x": 0.0,
                "y": 0.0
            }
        }
    },
    "rightTranslate_": {
        "x": 1120.0,
        "y": 500.0
    },
    "stageAchievementUIOffsetY_": -250.0,
    "stageAchievementUISize_": 64.0,
    "stageDifficulties": [
        1,
        1,
        1,
        1,
        2,
        2,
        3,
        3,
        3,
        3,
        1,
        2,
        3,
        4,
        2,
        3,
        1,
        2,
        4,
        5,
        3,
        4,
        5
    ],
    "stageIndexBackColor_": {
        "w": 1.0,
        "x": 1.0,
        "y": 0.0,
        "z": 0.25482654571533203
    },
    "stageIndexBackOffsetY_": -190.0,
    "stageIndexBackSize_": 100.0,
    "stageIndexTextColor_": {
        "w": 1.0,
        "x": 0.8883213400840759,
        "y": 0.7172075510025024,
        "z": 0.915057897567749
    },
    "stageIndexTextOffsetY_": -238.0,
    "stageIndexTextSize_": 80.0,
    "stageNameTextColor_": {
        "w": 1.0,
        "x": 1.0,
        "y": 0.29343628883361816,
        "z": 0.4734877943992615
    },
    "stageNameTextSize_": 56.0,
    "stageNameTextTranslate_": {
        "x": 640.0,
        "y": 65.0
    },
    "stageNameText_.fontName": "Resources/Fonts\\Game\\JF-Dot-Shinonome14B.ttf",
    "stageNames": [
        "鏡の向こうはホログラム",
        "ホログラムと一緒に",
        "どっちを映しても",
        "真ん中じゃないみたい",
        "お山の大将　あんたが大将",
        "鏡に映るのは",
        "囚われの王冠姫",
        "上で待ってるよ",
        "",
        "階段職人",
        "壁を無視できたらなあ",
        "四畳半に住む王冠さん",
        "危険物には蓋をすべし",
        "急がば回れ",
        "あなたもワープ",
        "防ぐと塞がれる",
        "ちょうちょさんだ",
        "消しすぎ注意報",
        "階段探して三千里",
        "よく見比べて",
        "失ってから気付くやさしさ",
        "上手に断捨離できるかな",
        ""
    ],
    "starDrawRangeX": 195.0,
    "starSprite": {
        "anchorPoint": {
            "x": 0.5,
            "y": 0.5
        },
        "blendMode": 3,
        "clipLT": {
            "x": 0.0,
            "y": 0.0
        },
        "clipSize": {
            "x": 0.0,
            "y": 0.0
        },
        "color": {
            "w": 1.0,
            "x": 1.0,
            "y": 0.5731589794158936,
            "z": 0.037028517574071884
        },
        "drawLocation": 2,
        "flipX": false,
        "flipY": false,
        "isApplyViewMat": false,
        "isStaticDraw": false,
        "layer": 170,
        "size": {
            "x": 50.0,
            "y": 50.0
        },
        "texturePath": "Resources/Textures\\UI\\star.png",
        "transform": {
            "rotate": 0.0,
            "scale": {
                "x": 1.1982150077819824,
                "y": 1.1982150077819824
            },
            "translate": {
                "x": 547.5,
                "y": 616.0
            }
        },
        "uvTransform": {
            "rotate": 0.0,
            "scale": {
                "x": 1.0,
                "y": 1.0
            },
            "translate": {
                "x": 0.0,
                "y": 0.0
            }
        }
    },
    "tileScale_": 0.8999999761581421
}