{
    "arrowAmplitude_": 4.0,
    "arrowAnimTimer_.duration": 1.5,
    "arrowEasing_": "None",
    "arrowSpacing_": 248.0,
    "arrowTranslateY_": 626.0,
    "backgroundColor_": {
        "w": 0.0313725508749485,
        "x": 0.9058823585510254,
        "y": 0.10980392247438431,
        "z": 0.9215686321258545
    },
    "centerTranslate_": {
        "x": 640.0,
        "y": 400.0
    },
    "endZoomEasing_": "OutExpo",
    "endZoomTimer_.duration": 1.9199999570846558,
    "endZoomToScale_": 2.4000000953674316,
    "focusAnimDuration_": 0.800000011920929,
    "focusAnimEasing_": "OutExpo",
    "focusAnimFrom_": 0.9589999914169312,
    "focusAnimTo_": 1.059999942779541,
    "focusSize_": {
        "x": 448.0,
        "y": 252.0
    },
    "frameColor_": {
        "w": 0.46666666865348816,
        "x": 0.7607843279838562,
        "y": 0.11372549086809158,
        "z": 0.6078431606292725
    },
    "leftArrow_": {
        "anchorPoint": {
            "x": 0.5,
            "y": 0.5
        },
        "blendMode": 4,
        "clipLT": {
            "x": 0.0,
            "y": 0.0
        },
        "clipSize": {
            "x": 0.0,
            "y": 0.0
        },
        "color": {
            "w": 1.0,
            "x": 0.6800204515457153,
            "y": 0.008373118005692959,
            "z": 0.7082979083061218
        },
        "drawLocation": 2,
        "flipX": false,
        "flipY": false,
        "isApplyViewMat": true,
        "isStaticDraw": false,
        "layer": 0,
        "size": {
            "x": 128.0,
            "y": 128.0
        },
        "texturePath": "Scene_Select/selectArrow.png",
        "transform": {
            "rotate": 3.1415927410125732,
            "scale": {
                "x": 0.6399999856948853,
                "y": 0.6399999856948853
            },
            "translate": {
                "x": 392.0,
                "y": 626.0
            }
        },
        "uvTransform": {
            "rotate": 0.0,
            "scale": {
                "x": 1.0,
                "y": 1.0
            },
            "translate": {
                "x": 0.0,
                "y": 0.0
            }
        }
    },
    "leftTranslate_": {
        "x": 160.0,
        "y": 500.0
    },
    "moveEasing_": "OutExpo",
    "moveTimer_.duration": 0.36000001430511475,
    "outSize_": {
        "x": 224.0,
        "y": 126.0
    },
    "rightArrow_": {
        "anchorPoint": {
            "x": 0.5,
            "y": 0.5
        },
        "blendMode": 4,
        "clipLT": {
            "x": 0.0,
            "y": 0.0
        },
        "clipSize": {
            "x": 0.0,
            "y": 0.0
        },
        "color": {
            "w": 1.0,
            "x": 0.6800204515457153,
            "y": 0.008373118005692959,
            "z": 0.7082979083061218
        },
        "drawLocation": 2,
        "flipX": false,
        "flipY": false,
        "isApplyViewMat": true,
        "isStaticDraw": false,
        "layer": 0,
        "size": {
            "x": 128.0,
            "y": 128.0
        },
        "texturePath": "Scene_Select/selectArrow.png",
        "transform": {
            "rotate": 0.0,
            "scale": {
                "x": 0.6399999856948853,
                "y": 0.6399999856948853
            },
            "translate": {
                "x": 888.0,
                "y": 626.0
            }
        },
        "uvTransform": {
            "rotate": 0.0,
            "scale": {
                "x": 1.0,
                "y": 1.0
            },
            "translate": {
                "x": 0.0,
                "y": 0.0
            }
        }
    },
    "rightTranslate_": {
        "x": 1120.0,
        "y": 500.0
    },
    "stageIndexBackColor_": {
        "w": 1.0,
        "x": 1.0,
        "y": 0.0,
        "z": 0.25482654571533203
    },
    "stageIndexBackOffsetY_": -192.0,
    "stageIndexBackSize_": 100.0,
    "stageIndexTextColor_": {
        "w": 1.0,
        "x": 0.8883213400840759,
        "y": 0.7172075510025024,
        "z": 0.915057897567749
    },
    "stageIndexTextOffsetY_": -238.0,
    "stageIndexTextSize_": 80.0,
    "tileScale_": 0.8999999761581421
}