{
    "artist": "キリギリス楽団",
    "bpm": 160.0,
    "genre": 1,
    "offsetTime": 0.11500000208616257,
    "previewRange": {
        "max": 61.0,
        "min": 47.0
    },
    "songName": "Tiny Summer Knight",
    "songVolume": 0.4000000059604645
}