Index,Name,PosX,PosY,PosZ
0,enemy0,9.160646,5.000000,-185.000366
1,enemy1,6.782872,5.000000,-178.216644
