Index,Name,PosX,PosY,PosZ
0,enemy0,35.000000,5.000000,-162.441666
1,enemy1,0.000000,5.000000,-122.208107
