Index,Name,PosX,PosY,PosZ
0,enemy0,-40.000000,20.000000,-25.000000
1,enemy1,-40.000000,20.000000,-15.000000
