Index,Name,PosX,PosY,PosZ
0,enemy0,35.000000,5.000000,-145.050018
1,enemy1,0.000229,4.999947,-125.864349
