Index,Name,PosX,PosY,PosZ
0,enemy0,35.000000,5.000000,-170.316162
1,enemy1,0.000000,5.000000,-120.050255
