Index,Name,PosX,PosY,PosZ
0,enemy0,325.000000,45.000000,170.000000
