Index,Name,PosX,PosY,PosZ
0,enemy0,-140.899994,25.000000,-42.049995
1,enemy1,-116.889870,10.000000,-10.000000
