Index,Name,PosX,PosY,PosZ
0,enemy0,150.000000,25.000000,120.812187
1,enemy1,152.793579,25.000000,110.000000
