Index,Name,PosX,PosY,PosZ
0,enemy0,22.053015,5.000000,-184.933441
1,enemy1,0.000000,5.000000,-127.940437
