Index,Name,PosX,PosY,PosZ
0,Enemy1,-4.900000,0.000000,0.000000
1,Enemy2,0.900000,0.000000,0.000000
