Index,Name,PosX,PosY,PosZ
0,enemy0,35.000000,5.000000,-170.198822
1,enemy1,-0.000000,5.000000,-139.964371
