Index,Name,PosX,PosY,PosZ
0,enemy0,-135.000000,25.000000,-45.000000
