Index,Name,PosX,PosY,PosZ
0,enemy0,-20.000000,55.000000,153.244736
1,enemy1,-52.617779,50.000000,100.000000
