Index,Name,PosX,PosY,PosZ
0,enemy0,290.582214,49.923344,120.235359
1,enemy1,289.985809,50.006302,107.871902
