Index,Name,PosX,PosY,PosZ
0,Enemy,0.000000,0.000000,0.000000
1,Enemy2,0.000000,0.000000,0.000000
2,Enemy3,0.000000,0.000000,0.000000
3,Enemy4,0.000000,0.000000,0.000000
