Index,Name,PosX,PosY,PosZ
0,enemy0,-2.495709,25.000000,-158.772202
