Index,Name,PosX,PosY,PosZ
0,enemy0,-145.750519,25.000000,-20.000000
1,enemy1,-115.000000,10.000000,-1.581048
