Index,Name,PosX,PosY,PosZ
0,enemy0,35.000000,5.000000,-153.723404
