Index,Name,PosX,PosY,PosZ
0,enemy0,295.000000,50.000000,115.000000
