Index,Name,PosX,PosY,PosZ
0,enemy1,400.000000,84.659996,-160.000000
1,enemy2,292.416687,90.000000,-200.000000
2,3,295.000000,90.000000,-262.085022
3,4,170.000000,85.000000,-160.000000
4,enemy4,377.495209,85.000000,-235.000000
