RoutineName,PointCount,Points...
test,2,0.000000,0.000000,0.000000,0.000000,0.000000,0.000000
newRoutine,3,0.000000,0.000000,0.000000,0.000000,0.000000,0.000000,0.000000,0.000000,0.000000
