RoutineName,PointCount,Points...
stage03_moveFloor,5,-60.000000,50.000000,155.000000,-35.000000,50.000000,155.000000,-35.000000,50.000000,130.000000,-60.000000,50.000000,130.000000,-60.000000,50.000000,155.000000
stage3_enemy1,2,-20.000000,55.000000,160.000000,-20.299999,55.000000,140.500000
stage3_enemy2,2,-45.500000,50.000000,100.000000,-54.299999,50.000000,100.000000
moveFloor2,4,-35.000000,50.000000,130.000000,-60.000000,50.000000,130.000000,-60.000000,50.000000,155.000000,-35.000000,50.000000,155.000000
