RoutineName,PointCount,Points...
test,3,10.000000,5.000000,-130.000000,0.000000,5.000000,-125.000000,25.000000,5.000000,-130.000000
firstEnemyRoutine,2,35.000000,5.000000,-145.000000,35.000000,5.000000,-175.000000
secondEnemyRoutine,2,0.000000,5.000000,-140.000000,0.000000,5.000000,-120.000000
moveFloorRoutine,2,5.000000,10.300000,-195.000000,5.000000,10.200000,-210.000000
