RoutineName,PointCount,Points...
moveFloor1,2,380.000000,50.000000,165.000000,380.000000,80.000000,165.000000
moveFloor2,2,380.000000,50.000000,145.000000,380.000000,80.000000,145.000000
moveFloor3,2,380.000000,50.000000,125.000000,380.000000,80.000000,125.000000
enemy1,2,290.000000,50.000000,103.099998,290.000000,50.000000,116.900002
