RoutineName,PointCount,Points...
moveFloor1,2,180.000000,50.000000,130.000000,180.000000,0.000000,130.000000
enemy1,5,155.000000,25.000000,150.000000,155.000000,25.000000,110.000000,150.000000,25.000000,110.000000,150.000000,25.000000,150.000000,155.000000,25.000000,150.000000
enemy2,5,150.000000,25.000000,110.000000,150.000000,25.000000,150.000000,155.000000,25.000000,150.000000,155.000000,25.000000,110.000000,150.000000,25.000000,110.000000
