RoutineName,PointCount,Points...
stage1_enemy0,2,-2.500000,5.000000,-165.500000,-2.300000,5.000000,-142.699997
firstEnemyRoutine,2,35.000000,5.000000,-145.000000,35.000000,5.000000,-175.000000
secondEnemyRoutine,2,0.000000,5.000000,-140.000000,0.000000,5.000000,-120.000000
moveFloorRoutine,2,5.000000,10.300000,-195.000000,5.000000,10.200000,-210.000000
stage1_enemy_1,2,-2.700000,25.000000,-147.399994,-2.400000,25.000000,-164.100006
