RoutineName,PointCount,Points...
testRoutine,2,0.000000,0.000000,0.000000,0.000000,0.000000,0.000000
