RoutineName,PointCount,Points...
stage2_enemy2,5,-125.000000,10.000000,-10.000000,-125.000000,10.000000,0.000000,-115.000000,10.000000,0.000000,-115.000000,10.000000,-10.000000,-125.000000,10.000000,-10.000000
