RoutineName,PointCount,Points...
stage1_routine,3,15.000000,5.000000,-175.000000,15.000000,5.000000,-185.000000,5.000000,5.000000,-185.000000
aa,3,15.000000,5.000000,-185.000000,10.000000,5.000000,-175.000000,5.000000,5.000000,-180.000000
