RoutineName,PointCount,Points...
stage2_enemy2,5,-125.000000,10.000000,-10.000000,-125.000000,10.000000,0.000000,-115.000000,10.000000,0.000000,-115.000000,10.000000,-10.000000,-125.000000,10.000000,-10.000000
stage1_enemy1,2,-145.000000,25.000000,-20.000000,-150.000000,25.000000,-20.000000
