RoutineName,PointCount,Points...
aa,3,15.000000,5.000000,-185.000000,10.000000,5.000000,-175.000000,5.000000,5.000000,-180.000000
