RoutineName,PointCount,Points...
moveFloor1,2,380.000000,50.000000,165.000000,380.000000,80.000000,165.000000
moveFloor2,2,380.000000,50.000000,145.000000,380.000000,80.000000,145.000000
moveFloor3,2,380.000000,50.000000,125.000000,380.000000,80.000000,125.000000
