RoutineName,PointCount,Points...
firstEnemyRoutine,2,35.000000,5.000000,-145.000000,35.000000,5.000000,-175.000000
secondEnemyRoutine,2,0.000000,5.000000,-140.000000,0.000000,5.000000,-120.000000
