RoutineName,PointCount,Points...
cloud1,6,215.000000,80.000000,-285.000000,215.000000,120.000000,-285.000000,375.000000,120.000000,-285.000000,375.000000,50.000000,-285.000000,215.000000,45.000000,-285.000000,215.000000,80.000000,-285.000000
stage6_enemyFrontDoor,3,295.000000,90.000000,-200.000000,309.000000,90.000000,-200.000000,281.600006,90.000000,-200.000000
stage6_enemy1,2,295.000000,90.000000,-270.000000,295.000000,90.000000,-200.000000
cloud2,7,375.000000,80.000000,-285.000000,375.000000,50.000000,-285.000000,215.000000,45.000000,-285.000000,215.000000,80.000000,-285.000000,215.000000,120.000000,-285.000000,375.000000,120.000000,-285.000000,375.000000,80.000000,-285.000000
