{
    "clearIcon": {
        "Basic": 2,
        "Expert": 1
    },
    "score": {
        "Basic": 100.0,
        "Expert": 99.09091186523438,
        "Parallel": 97.83197784423828
    }
}