{
    "clearIcon": {
        "Basic": 2,
        "Expert": 1,
        "Master": 2
    },
    "score": {
        "Basic": 100.0,
        "Expert": 99.09091186523438,
        "Master": 100.0,
        "Parallel": 99.1192398071289
    }
}