{
    "artist": "カワイイ塾美大予備校",
    "bpm": 172.0,
    "genre": 1,
    "offsetTime": 0.15000000596046448,
    "previewRange": {
        "max": 132.0,
        "min": 118.0
    },
    "songName": "パレットの勇者",
    "songVolume": 0.4000000059604645
}