{
    "Enemy_0_Position": {
        "x": 10.399999618530273,
        "y": 0.0,
        "z": 0.0
    },
    "Enemy_0_HP": 100,
    "Enemy_1_Position": {
        "x": 16.100000381469727,
        "y": 0.0,
        "z": 0.0
    },
    "Enemy_1_HP": 100,
    "Count": 2,
    "Enemy_2_Position": {
        "x": 13.100000381469727,
        "y": 0.0,
        "z": 18.5
    },
    "Enemy_2_HP": 100
}