{
    "baseDepth": 55.150001525878906,
    "emitBorder": 0.9100000262260437,
    "emitInterval": 0.10000000149011612,
    "emitRangeRadius": 60.305999755859375,
    "endScale": 0.0,
    "moveDistance": 214.1999969482422,
    "moveTime": 5.159999847412109,
    "numEmitEvery": 3,
    "rotateSpeed": 1.1399999856948853
}