{
    "cameraMoveDurations": [
        1.0,
        1.0,
        1.0,
        2.0
    ],
    "currentDifficulty": 0,
    "currentGroupIndex": 0,
    "currentGroupMode": 2,
    "currentSongIndex": 0,
    "currentSortMode": 5,
    "selectMode": 1,
    "uiBackColors": [
        {
            "w": 1.0,
            "x": 1.0,
            "y": 0.6254825592041016,
            "z": 0.0
        },
        {
            "w": 1.0,
            "x": 1.0,
            "y": 0.0,
            "z": 0.1158299446105957
        },
        {
            "w": 1.0,
            "x": 0.5926860570907593,
            "y": 0.0,
            "z": 0.7451737523078918
        },
        {
            "w": 1.0,
            "x": 0.013708150945603848,
            "y": 0.01131468452513218,
            "z": 0.08880311250686646
        }
    ]
}