{
    "eggOffset": {
        "x": 1.4700000286102295,
        "y": 3.509999990463257,
        "z": 0.0
    },
    "throwPower": 28.059999465942383,
    "throwDirection": {
        "x": 0.0,
        "y": 1.0,
        "z": 1.0
    },
    "moveSpeed": 30.0,
    "lerpRate": 0.25,
    "isLerpRotate": true,
    "pressForcus": false,
    "jumpPower": 1.1699999570846558,
    "hoveringTime": 0.5899999737739563
}