{
    "eggOffset": {
        "x": 1.4700000286102295,
        "y": 3.509999990463257,
        "z": 0.0
    },
    "throwPower": 38.0,
    "throwDirection": {
        "x": 0.3469375967979431,
        "y": 0.9378882646560669,
        "z": 0.0
    },
    "moveSpeed": 15.0,
    "lerpRate": 0.25,
    "isLerpRotate": true,
    "pressForcus": false,
    "jumpPower": 1.5,
    "hoveringTime": 0.5899999737739563,
    "jumpHoveringAccel": 0.05000000074505806,
    "MoveSpeedOnThrowAim": 11.979999542236328,
    "MoveSpeedOnJump": 8.0
    "PredationRangeXZ": 7.570000171661377,
    "PredationRangeY": 9.430000305175781,
    "PredationCatchAngle": 0.7400000095367432
}