{
    "eggOffset": {
        "x": 1.4900000095367432,
        "y": 4.170000076293945,
        "z": 0.8899999856948853
    },
    "throwPower": 38.0,
    "throwDirection": {
        "x": 0.3469375967979431,
        "y": 0.9378882646560669,
        "z": 0.0
    },
    "moveSpeed": 15.0,
    "lerpRate": 0.25,
    "isLerpRotate": true,
    "pressForcus": false,
    "jumpPower": 43.279998779296875,
    "hoveringTime": 0.33000001311302185,
    "jumpHoveringAccel": 0.0,
    "MoveSpeedOnThrowAim": 11.979999542236328,
    "MoveSpeedOnJump": 8.0,
    "PredationRangeXZ": 7.570000171661377,
    "PredationRangeY": 9.430000305175781,
    "PredationCatchAngle": 0.7400000095367432,
    "Weight": 14.0
}