{
    "eggOffset": {
        "x": 1.4700000286102295,
        "y": 3.509999990463257,
        "z": 0.0
    },
    "throwPower": 25.360000610351563,
    "throwDirection": {
        "x": 0.0,
        "y": 1.0,
        "z": 1.0
    },
    "moveSpeed": 15.0,
    "lerpRate": 0.25,
    "isLerpRotate": true,
    "pressForcus": false,
    "jumpPower": 1.409999966621399,
    "hoveringTime": 0.5899999737739563,
    "jumpHoveringAccel": 0.12999999523162842,
    "MoveSpeedOnThrowAim": 12.0,
    "MoveSpeedOnJump": 15.0
}