{
    "StateParam": {
        "Dead": {
            "deadDuration_": 1.0
        },
        "Idle": null,
        "Jump": {
            "gravity_": 753.0999755859375,
            "groundY_": 552.0,
            "jumpPower_": -427.1000061035156
        },
        "Move": {
            "moveSpeed_": 238.60000610351563
        },
        "Warp": {
            "baseSpriteSize_": {
                "x": 10.0,
                "y": 10.0
            },
            "beginDuration": 0.20000000298023224,
            "beginScaling_.easing": "InBack",
            "beginScaling_.start": 1.600000023841858,
            "beginScaling_.target": 0.0,
            "beginTranslate_.easing": "OutExpo",
            "endDuration": 0.2800000011920929,
            "endScaling_.easing": "OutBack",
            "endScaling_.start": 0.0,
            "endScaling_.target": 1.0,
            "maxTrailSpriteCount_": 63,
            "randomRotate_": 3.0,
            "randomSpriteSize_": 5.400000095367432,
            "trailLifeTime_": 0.4399999976158142,
            "trailSpawnInterval_": 0.004999999888241291,
            "warpDuration": 0.1899999976158142
        }
    }
}