{
    "eggOffset": {
        "x": 1.9800000190734863,
        "y": 5.46999979019165,
        "z": 0.0
    },
    "throwPower": 20.0,
    "throwDirectionOffset": {
        "x": 0.0,
        "y": 0.5699999928474426,
        "z": 0.4300000071525574
    }
}