{
    "eggOffset": {
        "x": 1.4700000286102295,
        "y": 3.509999990463257,
        "z": 0.0
    },
    "throwPower": 28.059999465942383,
    "throwDirection": {
        "x": 0.0,
        "y": 1.0,
        "z": 1.0
    }
}