{
    "clearIcon": {
        "Basic": 2
    },
    "score": {
        "Basic": 100.0,
        "Expert": 73.40425872802734,
        "Master": null,
        "Parallel": 99.3197250366211
    }
}