{
    "artist": "桃色球体",
    "bpm": 90.0,
    "genre": 1,
    "offsetTime": 0.15000000596046448,
    "previewRange": {
        "max": 89.0,
        "min": 63.0
    },
    "songName": "Space Balloon",
    "songVolume": 0.6349999904632568
}