{
    "emitters": [
        {
            "CullingMode": 2,
            "baseDirection": [
                0.0,
                1.0,
                0.0
            ],
            "blendMode": 0,
            "center": [
                0.0,
                0.0,
                0.0
            ],
            "colors": [
                [
                    0.03383313864469528,
                    0.08259270340204239,
                    0.8627451062202454,
                    1.0
                ],
                [
                    0.8217258453369141,
                    0.8725489974021912,
                    0.0085544278845191,
                    1.0
                ],
                [
                    0.9411764740943909,
                    0.03690887987613678,
                    0.03690887987613678,
                    1.0
                ]
            ],
            "directionRange": 0.11999999731779099,
            "emitRange": [
                0.0,
                0.0,
                0.0
            ],
            "emitType": 0,
            "gravity": -19.739999771118164,
            "interval": 0.10000000149011612,
            "isActive": false,
            "isBillboard": true,
            "isUseGravity": true,
            "isUseRotate": false,
            "kMaxEmitCount": 1,
            "lifeTimeRange": [
                1.0,
                3.0
            ],
            "numEmitEvery": 9,
            "particleType": 0,
            "radiusRange": [
                0.9599999785423279,
                1.0399999618530273
            ],
            "rotateSpeedRange": [
                0.0,
                1.0
            ],
            "speedRange": [
                7.28000020980835,
                15.640000343322754
            ],
            "textureHandles": [
                "ParticleTextures/star.png"
            ]
        },
        {
            "CullingMode": 2,
            "baseDirection": [
                0.0,
                1.0,
                0.0
            ],
            "blendMode": 4,
            "center": [
                0.0,
                0.0,
                0.0
            ],
            "colors": [
                [
                    1.0,
                    1.0,
                    1.0,
                    1.0
                ]
            ],
            "directionRange": 1.0,
            "emitRange": [
                0.10000000149011612,
                0.10000000149011612,
                0.10000000149011612
            ],
            "emitType": 0,
            "gravity": -9.800000190734863,
            "interval": 0.10000000149011612,
            "isActive": false,
            "isBillboard": true,
            "isUseGravity": false,
            "isUseRotate": false,
            "kMaxEmitCount": 1,
            "lifeTimeRange": [
                0.6000000238418579,
                1.2999999523162842
            ],
            "numEmitEvery": 13,
            "particleType": 0,
            "radiusRange": [
                0.5,
                3.0
            ],
            "rotateSpeedRange": [
                0.0,
                1.0
            ],
            "speedRange": [
                3.9200000762939453,
                9.800000190734863
            ],
            "textureHandles": [
                "ParticleTextures/shine.png"
            ]
        }
    ]
}